1442,ekstrabladet.dk
1497,bt.dk
3294,google.dk
4987,dr.dk
5949,tv2.dk
7050,webhosting.dk
7885,ku.dk
8990,dandomain.dk
9772,lectio.dk
11256,au.dk
11598,telenor.dk
12552,dba.dk
13014,dtu.dk
15409,bloggersdelight.dk
16550,berlingske.dk
18637,aau.dk
18743,scannet2.dk
19913,sdu.dk
20255,zalando.dk
26433,politiken.dk
28250,boyfriend.dk
28758,jyllands-posten.dk
29566,um.dk
29659,bilbasen.dk
30406,gigahost.dk
32438,dk-hostmaster.dk
32520,borsen.dk
32724,nic.dk
33889,wannafind.dk
34947,dlx.dk
34970,danskespil.dk
35346,dmi.dk
35378,bold.dk
35649,blogspot.dk
36866,skat.dk
39031,pricerunner.dk
39582,tele.dk
43045,flashscore.dk
43924,mitid.dk
44118,matas.dk
46424,euroinvestor.dk
47280,cbs.dk
48574,dsb.dk
49374,fibianet.dk
50424,borger.dk
50745,3.dk
50921,quickdns.dk
52617,nordjyske.dk
52629,e-pages.dk
53313,boligsiden.dk
53644,yousee.dk
53657,krak.dk
53673,kk.dk
53744,proshop.dk
53842,datatilsynet.dk
54229,jobindex.dk
54231,danskebank.dk
54329,sundhed.dk
54636,rm.dk
55155,elgiganten.dk
56547,ipapercms.dk
56673,magasin.dk
56760,jv.dk
57345,e-boks.dk
57729,ticketmaster.dk
57940,billedbladet.dk
58049,seoghoer.dk
58114,nordea.dk
58616,kb.dk
60700,information.dk
61077,boligportal.dk
61350,ioi.dk
64640,tipsbladet.dk
64892,imerco.dk
64940,bauhaus.dk
66355,valdemarsro.dk
66502,just-eat.dk
67315,power.dk
67509,vinted.dk
68102,bilka.dk
68262,nordnet.dk
68361,bet365.dk
68489,thelocal.dk
68963,ordnet.dk
69191,cphpost.dk
69335,tv2nord.dk
69821,avisen.dk
70061,hiper.dk
71222,tvmidtvest.dk
71333,ruc.dk
71807,tv2east.dk
71814,tv2ostjylland.dk
72283,jemogfix.dk
72365,kmd.dk
72925,jysk.dk
73351,denmark.dk
73580,jobnet.dk
73784,sitnet.dk
73849,nordicway.dk
75668,arla.dk
75780,scor.dk
75809,harald-nyborg.dk
76415,thansen.dk
77413,natmus.dk
77654,stokercloud.dk
79330,plbold.dk
79398,alt.dk
79825,holdet.dk
79964,aveo.dk
80609,coop.dk
80989,biltema.dk
81012,pinterest.dk
81426,retsinformation.dk
81569,escort-side.dk
81579,herognu.dk
81658,tv2api.dk
83182,complimentawork.dk
83861,tvguide.dk
84125,nyheder24.dk
86283,annoncelight.dk
87150,godstart.dk
87156,gratis-sexnoveller.dk
88403,tivoli.dk
88807,boosted.dk
88999,dst.dk
90364,klaravik.dk
90573,sport.dk
90961,afdoede.dk
91102,netic.dk
91417,krydsordexperten.dk
91524,senest.dk
92079,coolshop.dk
92717,fabel.dk
92743,femina.dk
92822,regionh.dk
93415,rejseplanen.dk
94200,gigabit.dk
94418,arrownet.dk
94727,sas.dk
96124,itu.dk
96242,royalcasino.dk
97030,tripadvisor.dk
98484,virk.dk
98785,cph.dk
99956,minetilbud.dk
100165,madensverden.dk
101595,ens.dk
101735,onskeskyen.dk
101927,hobbii.dk
102426,big.dk
102938,spilnu.dk
103282,sexhunt.dk
103574,fyens.dk
103735,danbbs.dk
104574,ooono.dk
104666,kristeligt-dagblad.dk
104678,123hotel.dk
105211,viaplay.dk
105228,bmcdn.dk
105335,rsyd.dk
105375,louisiana.dk
105482,rema1000.dk
106355,aula.dk
107325,edc.dk
107445,sst.dk
107509,stil.dk
108079,tv2i.dk
108264,trend.dk
108406,kleinweb.dk
108808,netsite.dk
108896,nybolig.dk
108908,mail.dk
109387,momondo.dk
109839,mst.dk
110258,e-studio.dk
110401,fdm.dk
110548,chosting.dk
110751,mobilepay.dk
111293,politi.dk
112187,sn.dk
112588,cybercity.dk
113536,tv2a.dk
114143,noma.dk
115202,lex.dk
116127,jyskebank.dk
116786,tacit.dk
117128,roskilde-festival.dk
117728,nhl-data.dk
117730,curanet.dk
118292,tui.dk
118715,ssi.dk
119376,tvsyd.dk
120220,tv2s.dk
121047,pokerstars.dk
121357,ecgh.dk
122247,gratisdns.dk
122408,ft.dk
122738,tv2kosmopol.dk
122788,sunsite.dk
123130,groenjord.dk
126519,zizzi.dk
126832,ok.dk
127244,gullestrupnet.dk
127322,ritzau.dk
127624,bilinfo.dk
127713,computersalg.dk
130644,videnskab.dk
131752,ing.dk
132080,altinget.dk
132417,sac-it.dk
132716,hostonline.dk
132717,guloggratis.dk
134839,telia.dk
134921,auc.dk
135285,finans.dk
136914,csc.dk
137024,statsbiblioteket.dk
137247,powerhosting.dk
137981,logos.dk
137997,norlys.dk
138410,danlon.dk
138622,kids-world.dk
139029,findsmiley.dk
139120,kongehuset.dk
139296,spillemyndigheden.dk
139368,emaerket.dk
139826,hiper-net.dk
140029,legoland.dk
140430,dyndns.dk
140440,unibet.dk
141951,tv2fyn.dk
143248,dyson.dk
143728,uddataplus.dk
144755,ghostship.dk
144779,imusic.dk
144831,bnaa.dk
146005,myheritage.dk
147736,gucca.dk
148506,nyidanmark.dk
148586,gamereactor.dk
148952,zooplus.dk
149052,jubii.dk
149055,silvan.dk
149224,nfbio.dk
150106,computerworld.dk
150776,bog-ide.dk
150958,darenet.dk
150965,eventyrsport.dk
151524,bec.dk
151833,dbu.dk
151985,panoramas.dk
152085,absaconit.dk
152269,cancer.dk
152381,aeldresagen.dk
153294,proff.dk
153402,stofanet.dk
153416,tdc.dk
153520,almbrand.dk
154297,mytrendyphone.dk
154333,dfi.dk
154458,jp.dk
154654,netto.dk
156450,foetex.dk
156718,nationalbanken.dk
156857,kvadrat.dk
158091,spies.dk
158397,conventus.dk
160102,certifikat.dk
160479,avxperten.dk
160793,billig-arbejdstoj.dk
161285,monster.dk
162422,biltorvet.dk
163199,maskinbladet.dk
163926,dinero.dk
164008,mira.dk
164417,sydbank.dk
164654,dagens.dk
165168,fastspeed.dk
165310,nykredit.dk
165916,asom-net.dk
165994,ices.dk
168266,danskindustri.dk
168970,deic.dk
168989,unisport.dk
169497,intersport.dk
169499,lidl.dk
169555,systime.dk
170718,dyrenesbeskyttelse.dk
170741,kop-kande.dk
171021,smk.dk
171146,mummum.dk
171352,bookhus.dk
171472,gyldendal.dk
171725,onlinepos.dk
171955,foss.dk
171969,zitcom.dk
172173,ofir.dk
172603,ufm.dk
172990,ditur.dk
173171,skoleintra.dk
173199,lsb.dk
173738,spard.dk
174577,ooonodataplatform.dk
174701,nerd.dk
175025,nicehair.dk
175537,odense.dk
175775,tidsskrift.dk
176551,montes.dk
177182,curanetserver.dk
177238,gpserver.dk
177432,esmark.dk
177994,arkiv.dk
178289,csdb.dk
178813,kelz0r.dk
178833,b.dk
178854,jppol.dk
178926,superchat.dk
179151,orsted.dk
179280,samvirke.dk
179304,aarhus.dk
179761,get2net.dk
180045,mcb.dk
180341,yacn.dk
180784,foedevarestyrelsen.dk
181779,andersenit.dk
182528,netdns.dk
182787,uvm.dk
183675,eroguide.dk
183916,xtracon.dk
184364,auktionshuset.dk
184561,ekkofilm.dk
184693,aalborg.dk
184933,komogvind.dk
185332,bolignet.dk
185642,bruun-rasmussen.dk
186436,tivolicasino.dk
187029,atea.dk
187116,taenk.dk
187432,pil.dk
187658,forsvaret.dk
187850,dating.dk
188322,domstol.dk
188810,postnord.dk
189852,altomkendte.dk
189868,scannet.dk
189893,dk-kogebogen.dk
190294,denoffentlige.dk
190863,gastrofun.dk
191907,pi.dk
192609,salling.dk
192622,digst.dk
193487,billetto.dk
194578,hummel.dk
194763,lemu.dk
196069,vvs-eksperten.dk
196086,besoeglaegen.dk
196102,dkwebcam.dk
199024,kglteater.dk
199711,sexwriter.dk
201776,energinet.dk
202983,efif.dk
204049,jfmedier.dk
204449,lomax.dk
204623,nyheder.dk
204703,fck.dk
204762,lalandia.dk
204802,gettyimages.dk
204852,kongernessamling.dk
204883,statens-it.dk
205206,septima.dk
207019,workbox.dk
207142,schibsted.dk
207357,vidaxl.dk
207442,web-solutions.dk
207787,alka.dk
208751,42n.dk
208969,abakomp.dk
209328,bahne.dk
209483,senior.dk
209729,swingeren.dk
210289,ipvision.dk
210363,via.dk
211967,sagitta.dk
212241,123hjemmeside.dk
212578,himsa.dk
214736,sexaben.dk
215214,xklub.dk
215367,diku.dk
216172,holdsport.dk
217166,hay.dk
217332,centerasecurity.dk
217549,stiften.dk
219399,aller.dk
220283,dansknet.dk
220728,andelenergi.dk
220755,puregym.dk
220984,dac.dk
221067,mrgreen.dk
221589,coolrunner.dk
222573,nordiskemedier.dk
223877,spisbedre.dk
224600,stylepit.dk
225992,bodylab.dk
226662,e-conomic.dk
226704,regionsjaelland.dk
228247,mhhosting.dk
229801,ditonlinebetalingssystem.dk
230167,unilogin.dk
230328,fotoagent.dk
231227,bananas.dk
231352,billetlugen.dk
231486,netgiganten.dk
231867,tryg.dk
233027,sportsadmin.dk
233049,poweredbyintegra.dk
233206,golfbox.dk
233665,meny.dk
233701,geus.dk
233883,mysoluno.dk
234513,ug.dk
234852,sparnord.dk
236039,home.dk
236275,nemtilmeld.dk
236519,bodata.dk
237047,topdanmark.dk
238033,geckobooking.dk
238272,danbolig.dk
239260,digitalpost.dk
239327,footy.dk
239661,fagligsenior.dk
240921,sippeer.dk
241716,dti.dk
242257,ucl.dk
242552,weekendavisen.dk
243654,nbi.dk
243834,pfa.dk
243934,punktum.dk
244230,moensted.dk
245154,medicin.dk
245290,designrus.dk
245771,bibliotek.dk
246358,berlingskemedia.dk
246376,novonordiskfonden.dk
247520,med24.dk
247530,sparxpres.dk
251140,laegemiddelstyrelsen.dk
251180,oister.dk
251225,vejdirektoratet.dk
251306,naturstyrelsen.dk
251376,version2.dk
251689,skoleporten.dk
254349,mobikom.dk
254415,dns4all.dk
254985,nordschleswiger.dk
255430,mymovies.dk
256290,feltet.dk
256338,roed25.dk
257099,diis.dk
257912,hk.dk
259860,christiansborgslot.dk
260615,folketidende.dk
260623,i2.dk
260952,toyota.dk
261808,hifiklubben.dk
262327,ida.dk
262793,survey-xact.dk
262953,profdoc.dk
263724,helsebixen.dk
264376,bet25.dk
264805,goshopping.dk
265392,santanderconsumer.dk
266710,ugeskriftet.dk
266923,dandomainserver.dk
267048,gaffa.dk
267465,oralb.dk
267699,dstny.dk
268673,colourbox.dk
268973,yayhosting.dk
269792,tv3sport.dk
270157,itagil.dk
271486,ns4.dk
271826,complea-hosting.dk
272123,parknet.dk
272335,rigshospitalet.dk
272414,forbrug.dk
272813,sweetdeal.dk
273759,bolius.dk
275668,webhot.dk
275754,clever.dk
275820,da.dk
276170,airbnb.dk
276235,dgi.dk
277251,cloudns.dk
277353,al-bank.dk
277841,mobilsiden.dk
278213,stom.dk
282080,alinea.dk
283043,eniro.dk
283863,rito.dk
284850,sentia.dk
285602,peytz.dk
285915,studyindenmark.dk
286091,eg.dk
286550,br.dk
287234,danskerhverv.dk
287622,lexus.dk
287760,illvid.dk
287837,podi.dk
288614,andlight.dk
288896,lokalavisen.dk
290758,kino.dk
290918,lygte-info.dk
291175,ns3.dk
291341,timberland.dk
292058,rodekors.dk
292084,ereolen.dk
292172,pokernet.dk
292676,codan.dk
293047,sydspanien.dk
293368,aros.dk
293412,detfagligehus.dk
295826,foa.dk
295947,rejsekort.dk
296509,skoringen.dk
296859,boliga.dk
297092,erhvervsstyrelsen.dk
297685,compusoft.dk
298174,sdc.dk
298912,bravotours.dk
298924,vikingeskibsmuseet.dk
299131,bornfiber.dk
299157,helle.dk
299188,dnshotel.dk
299358,ipnordic.dk
300092,bang-olufsen.dk
301532,sunweb.dk
301677,kultunaut.dk
302367,sportstiming.dk
302422,hsfo.dk
304089,finanswatch.dk
304249,landbrugsavisen.dk
304848,avisendanmark.dk
304924,whatsmyip.dk
305035,nemlog-in.dk
305136,wpad.dk
305838,adidas.dk
306112,ns2.dk
306195,flexfone.dk
306744,folkeskolen.dk
307319,aboutyou.dk
307607,speedline.dk
307649,ugeavisen.dk
307765,ramboll.dk
307866,woman.dk
307881,telmore.dk
308983,degulesider.dk
309548,billetten.dk
310590,byggebasen.dk
310703,hosit.dk
310843,infoserv.dk
310848,onlinepbx.dk
311412,ssdvps.dk
311765,3f.dk
312000,sparkron.dk
312081,netip.dk
312435,rn.dk
312953,kanalfrederikshavn.dk
313021,netdoktor.dk
313616,praxis.dk
313648,atp.dk
313825,itogco.dk
314693,kollegierneskontor.dk
315166,onwelcom.dk
315594,deltaplan.dk
316132,ftzplus.dk
316446,dkuug.dk
316712,teknologisk.dk
317410,sport24.dk
317904,spartoo.dk
318431,wayf.dk
318756,hellofresh.dk
319259,at.dk
319659,cdon.dk
320101,speedadmin.dk
320676,hoka.dk
320943,sygeforsikring.dk
322114,masai.dk
322457,zetasystem.dk
322763,hjerteforeningen.dk
322859,ewii.dk
323095,athena-hosting.dk
323240,bll.dk
323576,slks.dk
324393,tv2bornholm.dk
324737,danskkabeltv.dk
324858,stark.dk
325288,ao.dk
326082,cop15.dk
326402,creptiles.dk
327186,scandichotels.dk
327284,180.dk
327613,rudersdal.dk
328814,emu.dk
329586,vettigo.dk
330376,tv2net.dk
330422,dataforsyningen.dk
330572,adservicemedia.dk
330969,neye.dk
331597,dancenter.dk
331702,supportcenter.dk
331723,coronasmitte.dk
331923,betano.dk
332021,presse-fotos.dk
332378,auh.dk
332454,nianet.dk
332555,fmn.dk
332859,dds.dk
333257,dsr.dk
333546,amtsavisen.dk
334525,nikse.dk
335663,stm.dk
335698,watchmedier.dk
335747,renoweb.dk
335796,lejebolig.dk
336402,dbastatic.dk
336876,derby25.dk
338187,xl-byg.dk
338464,relatel.dk
338510,emnet.dk
338787,billy.dk
339076,ordrestyring.dk
339384,vafo.dk
339758,waoo.dk
339838,atznet.dk
340424,abena.dk
340425,boot.dk
340480,randers.dk
341160,webapoteket.dk
342715,diskacme.dk
343776,billigvvs.dk
344249,indkast.dk
344465,av-cables.dk
344705,experimentarium.dk
345005,hfengly.dk
345348,midtjyllandsavis.dk
345993,sde.dk
346082,fk.dk
346504,herningfolkeblad.dk
346736,su.dk
346775,apollorejser.dk
346796,govcloud.dk
347084,landbobanken.dk
347352,cbart.dk
347372,uni-tel.dk
347784,zoo.dk
348440,dinavis.dk
349031,nli.dk
349227,supervin.dk
350009,helsam.dk
350749,storebaelt.dk
350866,ravn-hjemmesider.dk
350940,loebeshop.dk
352932,pbxaddons.dk
353379,filmstriben.dk
353467,novasol.dk
354089,electroncash.dk
354998,ism.dk
355067,gls.dk
355151,dn.dk
355539,fleggaard.dk
355696,bygma.dk
355749,recordere.dk
355845,molslinjen.dk
355990,domainteam.dk
356774,iform.dk
356833,ns1.dk
357246,komplett.dk
357348,vejle.dk
357696,ellos.dk
358619,tidende.dk
358658,kum.dk
360152,prisjagt.dk
362082,dengamleby.dk
362478,cbb.dk
362933,heimstaden.dk
363069,skisport.dk
363437,visa.dk
364148,youtube.dk
364179,feriepartner.dk
364467,overgaard.dk
364556,kviknet.dk
364781,carl-ras.dk
365063,handyhand.dk
366101,deal.dk
367033,danskemedier.dk
367095,sologstrand.dk
367244,cykelexperten.dk
367313,cykelpartner.dk
367500,flatpanels.dk
367918,sinful.dk
367929,cube.dk
368814,fm.dk
368816,eatonline.dk
369021,mediaconnect.dk
369189,eb.dk
369240,studienet.dk
369477,louisnielsen.dk
369591,datafordeler.dk
369974,callme.dk
370184,facebook.dk
370202,miinto.dk
370551,danmarkshistorien.dk
370873,redia.dk
370944,estate.dk
371317,lscontrol.dk
371489,cykelgear.dk
371861,medielogin.dk
371865,temponizer.dk
371954,euroman.dk
373032,mailme.dk
374071,apopro.dk
374568,rigsarkivet.dk
374596,vifa.dk
374838,transportintra.dk
374853,fribikeshop.dk
375355,cphdox.dk
375381,eadministration.dk
375694,grafical.dk
375778,mnwebdesign.dk
376745,viborg-folkeblad.dk
376830,m.dk
377433,tinglysning.dk
378086,kvinfo.dk
378142,ilva.dk
378290,dedanskecasinoer.dk
378504,interflora.dk
378820,cvrapi.dk
378882,migogaalborg.dk
379090,tv2lorry.dk
379410,noedhjaelp.dk
379633,bilmagasinet.dk
380174,fejo.dk
381620,beautycos.dk
381646,10-4.dk
381701,regionsyddanmark.dk
381866,kitchenone.dk
382325,tradepilot.dk
382547,faa.dk
382651,curadc.dk
382911,schibstedmarketplaces.dk
383003,sephora.dk
383079,bobedre.dk
383155,firstmonday.dk
383239,illumsbolighus.dk
383334,bogbrancheguiden.dk
383744,mtsl.dk
385536,betalingsservice.dk
385603,babysam.dk
386241,procopa.dk
386355,fab-it.dk
386998,rammearkitektur.dk
387232,sogn.dk
387271,zetland.dk
387289,check-in.dk
387579,ploeh.dk
388094,stofa.dk
388613,kp.dk
388932,realmaeglerne.dk
389580,williamdam.dk
390978,meremobil.dk
391350,naevneneshus.dk
391750,telecomx.dk
391754,midttrafik.dk
391769,bsd-dk.dk
392475,iglobe.dk
392591,brics.dk
393375,minsundhedsplatform.dk
393552,kolding.dk
393861,justitsministeriet.dk
393907,localspirits.dk
394134,zbc.dk
394607,travelmarket.dk
394732,drkoncerthuset.dk
395201,yahoo.dk
395466,bogportalen.dk
395721,jollyroom.dk
396712,apoteket.dk
396763,cchobby.dk
397334,danfoss.dk
397353,seez.dk
397392,nemtakeaway.dk
398162,mayflower.dk
398204,bellcom.dk
398212,vestjyskbank.dk
398367,sikkertrafik.dk
398403,nrgi.dk
398549,solar.dk
398858,gfforsikring.dk
398891,dinoffentligetransport.dk
399015,blockbuster.dk
399341,gnrx.dk
399862,volkswagen.dk
399939,netseidbroker.dk
400584,ni.dk
400701,meyers.dk
400792,energifyn.dk
401044,nsd.dk
401087,nota.dk
401164,fagbladet3f.dk
401569,lederne.dk
401576,krifa.dk
401872,esis.dk
401946,luxplus.dk
402147,kofod-jensen.dk
402296,dagbladet-holstebro-struer.dk
402352,apcoa.dk
402690,legeakademiet.dk
403106,zalando-lounge.dk
403141,spejdersport.dk
403222,viggo.dk
403582,dm.dk
403632,synoptik.dk
403773,audi.dk
403778,temashop.dk
403823,spks.dk
404038,udeoghjemme.dk
404182,gomore.dk
404521,hockeymagasinet.dk
404943,skousen.dk
405175,aka.dk
405862,telanco.dk
406127,viksoe.dk
406370,sellpy.dk
406893,dkk.dk
407429,gjensidige.dk
407843,backpackerlife.dk
407996,barlife.dk
408173,bedrenaetter.dk
410230,bupl.dk
410432,miljoeportal.dk
410460,laserdisken.dk
410606,nissan.dk
410852,duelhost.dk
411146,hbold.dk
411198,konservative.dk
411250,plantorama.dk
411416,mrperfect.dk
412109,danicapension.dk
412206,zenbi.dk
412493,skvizbiz.dk
412955,golf.dk
413231,mit.dk
413257,dingeo.dk
413361,stps.dk
413976,jfmid.dk
414699,evermart.dk
414859,dhh.dk
414928,leholt.dk
415348,bankdata.dk
415532,casinogo.dk
415585,faraos.dk
415592,mikkeller.dk
416409,optagelse.dk
416691,norlyscdn.dk
417048,hardwareonline.dk
417249,spiir.dk
417355,nextcasino.dk
417496,pension.dk
417532,denkorteavis.dk
417638,bygningsreglementet.dk
418096,volbeat.dk
418403,finanstilsynet.dk
418576,fof.dk
419037,skm.dk
419370,intempus.dk
420141,sportsworld.dk
420623,denstoredanske.dk
421296,raskrask.dk
421442,kvl.dk
421880,academicbooks.dk
421881,deloitte.dk
422750,fcomputer.dk
422929,royalarena.dk
422970,billigsport24.dk
423271,cxnet.dk
423327,sofus.dk
423349,frederiksberg.dk
424037,migogkbh.dk
424548,bluegarden.dk
424736,abacus.dk
426112,maritimedanmark.dk
426334,aura-net.dk
426451,emd.dk
426659,bdo.dk
427677,djoef.dk
428823,philips.dk
429202,liveconnect.dk
430062,spar.dk
430137,sportmaster.dk
430178,onlinebooking.dk
430228,business.dk
430317,davidsen.dk
430529,lbst.dk
430632,helsingordagblad.dk
430959,skyscanner.dk
431049,betinia.dk
431183,nerdonline.dk
431184,notino.dk
431728,isabellas.dk
431817,rigtigkaffe.dk
431846,velliv.dk
432416,dustin.dk
433383,getyourguide.dk
433435,journalisten.dk
433881,di.dk
434044,bilpriser.dk
434463,123mc.dk
434998,frdb.dk
435583,aura.dk
435660,lokalbolig.dk
436085,bring.dk
436469,martinmoerch.dk
436673,lydogbillede.dk
436916,mch.dk
437009,nordicbet.dk
437139,bilkatogo.dk
437806,powerlan.dk
437888,feline.dk
438871,dbc.dk
439218,dat.dk
439616,lokalebasen.dk
439626,midspar.dk
439767,iteras.dk
440353,itlagersalg.dk
440500,stromdev.dk
440560,bilgalleri.dk
440995,cofoco.dk
441123,europamester.dk
441147,bykalstrup.dk
442189,kaffekapslen.dk
442252,ikea.dk
442549,fcm.dk
442668,ucn.dk
442836,rossmann.dk
443321,westernunion.dk
443945,conferencemanager.dk
444447,wwi.dk
445302,multimed.dk
445409,minuba.dk
445730,made4men.dk
446484,partnertrackshopify.dk
447150,falck.dk
447443,skivefolkeblad.dk
448318,dmzhouse.dk
448930,gccloud.dk
449302,gigtforeningen.dk
449353,visitdenmark.dk
449374,viborg.dk
449549,folkekirken.dk
449553,idenyt.dk
449596,landal.dk
449747,elle.dk
449908,batteribyen.dk
450163,statistikbanken.dk
450199,kl.dk
450685,cloudretailsystems.dk
450781,leseweb.dk
450792,mariacasino.dk
450813,workindenmark.dk
450851,emilkirkegaard.dk
451083,elberegner.dk
451408,npinvestor.dk
452135,casinodanmarkjackpot.dk
452265,designmuseum.dk
452771,ahlsell.dk
453193,seges.dk
453455,lessor.dk
453480,sik.dk
453822,cncpt.dk
453853,danisco.dk
453992,ankiro.dk
454041,dbrs.dk
454321,trivago.dk
454603,mecindo.dk
454749,danskinternet.dk
454803,hyggeonkel.dk
456061,flatpay.dk
456311,bmw.dk
456620,lav-det-selv.dk
456753,rentmen.dk
457679,plusbog.dk
458240,all2day.dk
458253,av-connection.dk
458769,dadlnet.dk
458994,interactives.dk
459060,tunenet.dk
459525,sol.dk
460811,allente.dk
460860,psykiatrifonden.dk
461180,matematikfessor.dk
461249,uim.dk
461393,autouncle.dk
461921,holstebro.dk
462367,standby.dk
462599,dhf.dk
462888,dpa-system.dk
463575,pandasia.dk
464394,vths.dk
464862,glyptoteket.dk
464962,familiejournal.dk
465597,heartbeats.dk
465662,dif.dk
465831,addanmark.dk
466531,bibelselskabet.dk
466919,designbysi.dk
466946,aktiedysten.dk
467152,lavrsen.dk
467366,cocopanda.dk
467598,jala-helsekost.dk
467636,hejoscar.dk
467661,tilbudsugen.dk
467908,vestnet.dk
468208,brandbyhand.dk
468407,globaltools.dk
468495,etilbudsavis.dk
469654,altibox.dk
469949,bilhandel.dk
470079,butler-loftet.dk
470529,easyiqcloud.dk
470847,fruugo.dk
471511,makeup.dk
471733,pip.dk
471759,plusled.dk
471964,refurbed.dk
472097,sats.dk
472348,spot.dk
472583,totalkredit.dk
472669,ugenr.dk
473561,halbooking.dk
474066,mitcfu.dk
474098,historienet.dk
474195,lykkebylykke.dk
474535,mbyc.dk
475116,greenline.dk
475162,info-connect.dk
475592,kia.dk
475734,klausen.dk
475881,spillehallen.dk
476087,cykelshoppen.dk
476116,louisesmadblog.dk
476506,escortguide.dk
477018,hofor.dk
477336,fdm-travel.dk
477815,bordibyen.dk
478510,dcs.dk
478586,indidansk.dk
478946,escort5.dk
479134,dbnet.dk
479903,luksushuse.dk
480006,ultimate.dk
480308,bm.dk
480520,mollyogmy.dk
480621,myprotein.dk
480914,homeshop.dk
481508,autodoc.dk
481512,friheden.dk
482491,gemal.dk
482634,denblaaplanet.dk
482788,legaldesk.dk
482971,pensionsinfo.dk
483022,domain-box.dk
483067,lagengymnastik.dk
483358,autoit.dk
484610,normal.dk
484656,danskefilm.dk
484676,hostcenter.dk
484691,cloudip.dk
485162,dof-roskilde.dk
485292,humanrights.dk
485979,bib.dk
486049,andelskassen.dk
486599,familieretshuset.dk
486723,sony.dk
487497,billigparfume.dk
487511,alchemist.dk
488028,rundetaarn.dk
488308,valutaomregneren.dk
488743,bagebixen.dk
488799,sefiber.dk
489004,autodesk.dk
489011,vsdata.dk
489336,it-sektor.dk
489767,gentofte.dk
490934,fnidder.dk
491283,dcu.dk
491308,sparetimeteaching.dk
491369,motorst.dk
491665,licitationen.dk
492080,pensam.dk
492778,vibholm.dk
493815,sinfulservice.dk
493837,expedia.dk
494172,waitly.dk
494261,travellink.dk
494480,3deksperten.dk
494956,lastbilnyhederne.dk
495598,wuerth.dk
495861,smtp.dk
495992,luksusbaby.dk
496168,jernbanen.dk
497266,novo.dk
497443,apoteket-online.dk
497444,drive4you.dk
498019,skatteguiden.dk
498040,livenation.dk
498146,goerdetselv.dk
499044,ejendomstorvet.dk
499069,lampemesteren.dk
499288,2trendy.dk
499316,biografenvue.dk
499319,boligcenter.dk
499406,mobilcovers.dk
499562,ppi.dk
499603,bred-voliere.dk
499824,homepage.dk
500223,tjekbil.dk
501748,km.dk
501750,moesgaardmuseum.dk
502144,vistaprint.dk
502165,kyber.dk
502224,sparenergi.dk
502767,landbrugnet.dk
502836,scandlines.dk
502872,friluftsland.dk
503012,zexpense.dk
503542,venderbys.dk
503662,wwf.dk
504371,regeringen.dk
505349,eurotoys.dk
505819,edbindex.dk
506079,redbarnet.dk
506469,laglace.dk
506926,mercedes-benz.dk
508610,bitiba.dk
509012,viaads.dk
509195,jylling.dk
509354,campo.dk
509466,ds.dk
509530,bknet.dk
509830,femoi.dk
510118,valutakurser.dk
510175,lec.dk
510607,jaegerforbundet.dk
511101,omninet.dk
511230,cvt.dk
511266,msvit.dk
511457,middeldatabasen.dk
513097,24hshop.dk
513470,betsafe.dk
514950,filmcentralen.dk
515056,diabetes.dk
515324,tophaandbold.dk
515583,damask.dk
515672,jespersplanteskole.dk
515835,compumail.dk
515852,fyndiq.dk
516464,ford.dk
516949,strikkeglad.dk
517361,lavprisvvs.dk
517716,yogo.dk
517848,trafikstyrelsen.dk
517958,cego.dk
518072,sa.dk
518120,toejeksperten.dk
518412,thg.dk
518643,parfumdreams.dk
519274,sum.dk
519922,portofaarhus.dk
520070,bakken.dk
520371,raspberrypi.dk
520558,pro.dk
520699,shapingnewtomorrow.dk
520758,studieportalen.dk
521510,min-mave.dk
522342,dataloen.dk
522965,curvii.dk
523225,single.dk
523436,careofcarl.dk
523570,ds-sundhed.dk
523675,feddit.dk
523748,emp-shop.dk
523780,jdsports.dk
524487,litteratursiden.dk
525468,eyjhb.dk
525778,bookingstudio.dk
525811,lb.dk
526063,simservice.dk
526772,star.dk
526908,aleris.dk
527193,dr-adams.dk
527255,rideforbund.dk
527597,jonls.dk
527634,eurofins.dk
529036,clubmatas.dk
529551,ecitsolutions.dk
530795,jansson-alarm.dk
530854,jlhosting.dk
530930,kalundborg-el.dk
531531,poweron.dk
531930,rxtx.dk
532237,smbsolutions.dk
533134,viptel.dk
533721,blueai.dk
533749,ipweb.dk
534148,johnfrandsen.dk
536060,klasselotteriet.dk
536318,whmhosting.dk
537209,visitcopenhagen.dk
537311,mascot.dk
537388,danefae.dk
537492,lampegiganten.dk
538157,mods.dk
538732,slagelse.dk
538814,komputer.dk
538868,alexandra.dk
538887,cewe.dk
538929,brandsoft.dk
538939,kongeligeslotte.dk
538979,plan2learn.dk
539311,cartoonnetwork.dk
539396,kfk-dekoration.dk
540113,hostedshop.dk
541430,lejerbo.dk
542649,seerupit.dk
543275,aakb.dk
543412,elbilforeningen.dk
543446,wattoo.dk
544022,schmiedmann.dk
544795,tales.dk
545120,unicef.dk
545598,stinna.dk
546140,maxizoo.dk
546461,tusenaes.dk
546796,arenaranders.dk
546822,lokaleportalen.dk
547362,conradelektronik.dk
548262,fynsvom.dk
548444,sdn.dk
549050,bane.dk
549065,knuckleheads.dk
549166,retro-radio.dk
549187,idhosting.dk
549449,easyweb.dk
550515,erling-christensen.dk
550599,eduadm.dk
550806,hessel.dk
551438,banknorwegian.dk
551770,d-n-s.dk
552106,kefm.dk
552768,sunset-boulevard.dk
553477,118.dk
553541,cotonshoppen.dk
553634,lebara.dk
553654,mm-vision.dk
553881,samaqua.dk
554349,bodystore.dk
554675,tvsporten.dk
554729,foreninglet.dk
554867,gratisspil.dk
555263,transportnyhederne.dk
555763,casinopenge.dk
556116,kirstineandersen.dk
556346,smartpack.dk
556619,milestone.dk
556710,floristshop.dk
556853,klub-modul.dk
556945,kulturligvis.dk
557061,zip.dk
557356,danskhaandbold.dk
557505,aal.dk
558299,geranium.dk
558344,boerkopcykler.dk
559099,laesoe-golfklub.dk
559434,stihl.dk
560376,building-supply.dk
560483,serverpark.dk
562058,mobler.dk
562320,danwatch.dk
563669,dartshop.dk
564093,pwc.dk
564672,mielke.dk
564720,prishammeren.dk
564900,norvig.dk
565141,wnb.dk
565248,side-walk.dk
565265,proact.dk
565345,roskilde.dk
565471,fiin.dk
565492,resights.dk
565526,primotours.dk
567150,cpr.dk
567334,viamaja.dk
567883,weightworld.dk
567896,aze.dk
567990,techotel.dk
568116,flugger.dk
568331,regsj.dk
569279,loopfitness.dk
569479,ibooked.dk
569717,droemmeland.dk
569796,timemap.dk
570583,simonhoirup.dk
570804,null.dk
572146,naturbasen.dk
572185,sundhedsdatastyrelsen.dk
572267,aar.dk
572365,mstdn.dk
572470,webopskrifter.dk
572536,calle.dk
573181,vd.dk
573281,sydtrafik.dk
573517,hundeweb.dk
574417,shippingwatch.dk
574863,valsemollen.dk
575131,migogaarhus.dk
575185,itwebhotel.dk
575577,jysk-rejsebureau.dk
575780,lqd.dk
577340,esbjerg.dk
577523,home-tex.dk
577589,testaviva.dk
577720,mediawatch.dk
577811,cgmnet.dk
578041,madmusen.dk
578101,teeshoppen.dk
578169,revolutionrace.dk
578591,uni-c.dk
579109,fvm.dk
579370,dofbasen.dk
579672,if.dk
579920,hotelviking.dk
580219,markedsforing.dk
580456,kaufmann.dk
580461,berendsen.dk
581074,beliani.dk
581201,boxdelux.dk
581470,corendon.dk
581541,dabbolig.dk
581555,danjournal.dk
581638,dinvintageshop.dk
581742,dust2.dk
581746,dyreportal.dk
581968,fckfanshop.dk
581970,fdmshop.dk
582192,godream.dk
582219,gourministeriet.dk
582392,horze.dk
582411,hunkemoller.dk
582416,hvilkenbil.dk
582914,madbanditten.dk
582917,madenimitliv.dk
582978,maxgaming.dk
583309,nogetiovnen.dk
583316,nordsoeposten.dk
583319,norlysplay.dk
583347,nympho.dk
583413,optimalprint.dk
583421,orion-shop.dk
583512,pdfmanualer.dk
583779,rd.dk
583990,seniornews.dk
584168,sonderborgnyt.dk
584199,spigo.dk
584200,spilxl.dk
584232,staffweb.dk
584443,tilbudmaskine.dk
584816,web-patient.dk
584908,xn--wrdle-vua.dk
585240,vurderingsportalen.dk
585244,niras.dk
585296,iqtest.dk
585625,blackhost.dk
586179,vejen.dk
586339,kims.dk
586781,velux.dk
586788,abgroup.dk
587089,semaphor.dk
587543,highhouse.dk
587903,apotekeren.dk
588632,realdania.dk
588989,trackman.dk
589082,nudie.dk
589134,satana.dk
589366,eprotokol.dk
589678,vordingborg.dk
591083,mens-wear.dk
591530,telianet.dk
591848,bowlnfun.dk
591865,camillakroeyer.dk
591929,deloox.dk
592121,kapowcasino.dk
592136,kvuc.dk
592170,marialottes.dk
592226,nailster.dk
592352,risskov-bilferie.dk
592389,skoletube.dk
592408,studieplus.dk
592465,urvaerket.dk
592669,lf.dk
592825,ipvisible.dk
593265,bones.dk
593600,pakke.dk
593737,skechers.dk
593769,energidataservice.dk
593863,dorchdanola.dk
594384,kadk.dk
594991,fragt.dk
595087,cb.dk
595239,porno.dk
595367,mineshop.dk
596087,cirque.dk
596163,ecdn.dk
596384,dnsservers.dk
596466,hstatic.dk
596567,mx.dk
596764,julianina.dk
596822,nrd.dk
597232,ob.dk
598104,gladsaxe.dk
598658,samlino.dk
598889,ouh.dk
598897,rezetstore.dk
599305,sdh.dk
599489,esignatur.dk
600062,cmsimple.dk
600305,stenaline.dk
600533,webaway.dk
601868,mm.dk
602333,kulturarv.dk
602719,onlinebooq.dk
604578,shape.dk
605174,xn--myhomembler-mgb.dk
605470,mim.dk
605791,minlaering.dk
605914,profilseminar.dk
606311,pulsure.dk
607232,postdanmark.dk
607316,kunst.dk
607783,smilecontent.dk
608184,piopio.dk
608561,kiku.dk
608582,infomedia.dk
608702,dlrk.dk
608841,brs.dk
608953,jacobsenmobler.dk
608986,europenews.dk
609074,lavprisel.dk
609187,flexteams.dk
609885,aarhuskortet.dk
610197,eurosport.dk
610662,pitaya.dk
610975,chanti.dk
610999,coopbank.dk
611384,p-lindberg.dk
611780,capida.dk
611890,frederikkewaerens.dk
612040,nielsens.dk
612067,partyking.dk
612784,mascus.dk
613288,moviatrafik.dk
613640,logicnet.dk
614003,motatos.dk
614356,nihilogic.dk
614820,plaza.dk
614854,skycom.dk
614856,amino.dk
614946,worldonline.dk
616265,mpsoftware.dk
616667,arkil.dk
616923,horoskopnettet.dk
618350,wendt-net.dk
619053,hth.dk
619444,evida.dk
619673,flixfilm.dk
619743,flixbus.dk
619947,luksushund.dk
620115,anotherslegacy.dk
620403,sharkgaming.dk
620710,greenmind.dk
621100,dnsadmin.dk
621125,danishfamilysearch.dk
621469,stof2000.dk
622178,enhedslisten.dk
622767,wizkids.dk
623501,radio4.dk
624328,lisen.dk
624456,kongeaa.dk
624632,beat.dk
624802,3kontakt.dk
625305,wnbhosting.dk
626537,horsenskom.dk
626938,wannafindserver.dk
627010,discoworld.dk
627686,guerillaguiden.dk
627767,bghost.dk
627914,se.dk
628193,onlineguiden.dk
628257,bmcnetworks.dk
628417,jdm.dk
628563,tc81.dk
628712,digitalweb.dk
629226,airsupport.dk
629321,arken.dk
629329,comflex.dk
629553,flexdanmark.dk
629852,onyxcookware.dk
629886,onads.dk
630235,artogis.dk
630617,goquiz.dk
631079,ribemediehus.dk
631217,idefadev.dk
631620,kea.dk
631655,step.dk
631733,dmjx.dk
632450,kso.dk
633074,lacework.dk
633267,mtime.dk
634202,cabocomm.dk
634756,whisky.dk
634936,slackr.dk
635035,energiwatch.dk
635692,seindal.dk
635710,karnovgroup.dk
636128,magentohotel.dk
636275,torvehallernekbh.dk
637326,kracon.dk
637553,auxodev1.dk
639018,domea.dk
639404,3point.dk
639817,nettoparts.dk
640122,guldsmykket.dk
640808,cremefraiche.dk
641447,annebrauner.dk
641685,tilbudsaviseronline.dk
641769,bornetelefonen.dk
641787,awork.dk
642145,riisrejser.dk
642664,johannesfog.dk
643223,truestory.dk
643365,ikast-brande.dk
644301,cloud.dk
644588,ftz.dk
645524,illum.dk
645598,daekonline.dk
645677,ddc.dk
646596,radioplay.dk
646680,swislock.dk
646769,nice-hosting.dk
646870,boligzonen.dk
646891,netdesign.dk
647446,dktv.dk
647723,hjoerring.dk
648086,lejre.dk
648929,silkeborg.dk
649573,skagen-clothing.dk
649832,granit-parts.dk
650187,chrono24.dk
650242,fcbarcelona.dk
650332,laegevejen.dk
650476,simplyorganized.dk
650808,daekleader.dk
650905,landogfritid.dk
651017,spilforsyningen.dk
651309,nail4you.dk
651363,s.dk
651641,cupraofficial.dk
651690,eyda.dk
651749,hardballshoppen.dk
651856,mandekogebogen.dk
651904,neglefeber.dk
654297,myfone.dk
654664,nortlander.dk
655131,boombutik.dk
655626,aarhusvand.dk
656918,fonet.dk
657581,fdel.dk
657585,2fast.dk
657597,888casino.dk
657809,em.dk
658536,skak.dk
659476,batterilageret.dk
659938,dongenergy.dk
660038,bellacenter.dk
660699,buchcopenhagen.dk
661902,gear4music.dk
662701,bloddonor.dk
662871,miele.dk
662975,hwl.dk
663098,smartkidz.dk
663406,q8.dk
665126,dns-admin.dk
665504,thorvaldsensmuseum.dk
665824,dsn.dk
665962,pajor-dev.dk
666124,gastromand.dk
666220,t26.dk
666509,minlaegeapp.dk
666782,troelsgravesen.dk
666850,mariagerfjord.dk
667262,skoda.dk
668060,scan-speak.dk
668181,visitaarhus.dk
669834,madklubben.dk
670016,piranya.dk
670192,bridge.dk
670381,kanpla.dk
672038,korsholm.dk
672228,stromligning.dk
672302,voksdugen.dk
672311,wordfeudsnyd.dk
672406,bambuni.dk
672409,bergfreunde.dk
672499,gejser-ecigaret.dk
672679,sydjysksparekasse.dk
672978,moderno.dk
673079,thesneakerstore.dk
673714,fugleognatur.dk
674040,dlg.dk
674628,pka.dk
674764,soefart.dk
675280,banktorvet.dk
675430,komunikado.dk
675496,cobe.dk
676217,membercare.dk
676634,foto-klub.dk
676740,solutio.dk
677869,lasso.dk
678533,abhim.dk
679324,smukfest.dk
679667,kms.dk
679711,streetammo.dk
679958,zentura.dk
680222,mybanker.dk
680473,wexo.dk
680532,trm.dk
681574,stormfashion.dk
681946,dnscluster.dk
682146,badmintonplayer.dk
682591,hmaauktioner.dk
683167,sommerfuglen.dk
683171,soveland.dk
683775,boerneloppen.dk
684210,kokken-jomfruen.dk
684263,lovbjerg.dk
684334,mitkrydsord.dk
684886,barney.dk
684895,nimb.dk
685386,dyrevaernet.dk
685507,geekd.dk
685532,golfexperten.dk
685908,midhobby.dk
686391,teknikdele.dk
686450,totalsex.dk
686570,watery.dk
687069,erotikmix.dk
687120,forbrugsforeningen.dk
687148,fymasauctions.dk
687341,kirppu.dk
687420,madformadelskere.dk
687491,minbaad.dk
687768,restaurant-flammen.dk
687987,trendhim.dk
688109,zancasonne.dk
689833,luduseg.dk
690544,1sthosting.dk
691622,sisicph.dk
691960,bareen.dk
691999,pixum.dk
692199,betsson.dk
692491,egeskov.dk
692663,dkpto.dk
693242,jyskauktion.dk
693586,wsd.dk
693650,gqrx.dk
693700,lyngby-boldklub.dk
694010,bindia.dk
694370,safeticket.dk
695127,kone.dk
695746,25syv.dk
695816,ksm-stoker.dk
696080,saxoinvestor.dk
696133,sbst.dk
696383,aws.dk
696517,vive.dk
696533,madsnorgaard.dk
697199,motormagasinet.dk
698009,group88.dk
698221,solutionweb.dk
699303,memberlink.dk
699353,vindstoed.dk
699381,mediajungle.dk
699921,ast.dk
700887,bbr.dk
701001,inputmag.dk
702197,nextkbh.dk
702316,boligbasen.dk
702656,musikhuset.dk
702679,softvaerket.dk
703046,vias-fids.dk
703181,arbejderen.dk
703352,vega.dk
704255,lydspecialisten.dk
704298,beierholm.dk
704473,ww2.dk
704594,moesborg.dk
705349,bornsvilkar.dk
705364,danskfolkeparti.dk
705433,mermaidconsulting.dk
707616,autocom.dk
707891,biq.dk
708145,bd.dk
708638,gaamess.dk
709141,guldborgsund.dk
710659,novax.dk
711112,hilli.dk
711747,autoparts24.dk
711842,brugtgrej.dk
713116,tombola.dk
713161,ucpraktikportal.dk
714438,spysystem.dk
714459,tekhus.dk
714541,dustinhome.dk
714556,sporti.dk
715109,kredslob.dk
715449,nmesvr.dk
716927,auschwitz.dk
716996,radio24syv.dk
717292,campione.dk
717486,studieskolen.dk
717747,outsource.dk
717949,resennet.dk
718078,danhostel.dk
718383,agroid.dk
718562,bygxtra.dk
718685,dailys.dk
718749,dyrenesbutik.dk
718898,gant.dk
719128,kjaersommerfeldt.dk
719174,nnf.dk
719483,smalldanishhotels.dk
719516,sportyfit.dk
719709,web-track.dk
720276,flowservers.dk
720695,c.dk
722982,grejfreak.dk
723138,brugtetrusser.dk
723450,isagerstrik.dk
723545,medwatch.dk
724114,itide.dk
726076,risoe.dk
726250,3cx.dk
727393,417.dk
727800,7-kabale.dk
728534,abc-lavpris.dk
728543,abcatering.dk
729596,airsoft-salg.dk
730463,alstrom.dk
730989,andrupvin.dk
732588,astina.dk
733615,az-stamps.dk
733715,b2bauctions.dk
734600,bccatering.dk
735653,bga.dk
736069,billard.dk
736535,blodproever.dk
736803,boligoen.dk
736804,boligstoette.dk
737348,brdr-simonsen.dk
737892,butiksmuksak.dk
739055,caspersobczyk.dk
740787,cleanmanager.dk
743068,dagensmenu.dk
743278,dansk-sommerhusferie.dk
743279,danskebusser.dk
743323,darkweb.dk
743350,dartshopper.dk
744057,designcykler.dk
744230,dff-netsalg.dk
746088,dvsalg.dk
746962,effektlageret.dk
747360,elektronik-lavpris.dk
747838,endate.dk
748248,eromaxxx.dk
748501,esportligaen.dk
749995,festogfarver.dk
750152,filcolana.dk
750627,flexdrift.dk
750760,fluer.dk
751312,fredericiaavisen.dk
752037,g6n.dk
752487,garnudsalg.dk
753107,ggmgastro.dk
753279,gipote.dk
754307,green-comfort.dk
754767,gulvlageret.dk
754796,gundtoft.dk
755283,hansenberg.dk
755721,hedestoker.dk
755748,hejholger.dk
756361,hjem.dk
756537,hojskolesangbogen.dk
756747,hooked4pets.dk
757002,howrse.dk
757244,huntershouse.dk
757247,huntinglife.dk
758577,infshop.dk
760856,joys.dk
761181,jware.dk
762339,kgi.dk
762736,kingsqueens.dk
762966,klaedeskabet.dk
763183,koebhund.dk
763465,koreprovebooking.dk
763746,krydsord.dk
763942,kunmors.dk
765696,linaa.dk
769379,meetv.dk
769867,metalligaen.dk
770325,milkywalk.dk
770512,minpensionssag.dk
770715,mitsdu.dk
770740,mitungdomskort.dk
771217,moebelkompagniet.dk
771587,mopedspeed.dk
772021,mrbeef.dk
772490,musikipedia.dk
774557,nimara.dk
776368,onlineplan.dk
777117,outletlamper.dk
777172,ownr.dk
778525,pensionist.dk
779994,pluspige.dk
781486,prove.dk
783520,repdanes.dk
784246,rodekorsgenbrug.dk
785440,salldata.dk
786814,semlermobility.dk
786864,seniorshop.dk
787162,sexhub.dk
787163,sexidetfri.dk
788149,sikkerrejse.dk
788417,sinnerup.dk
788640,skagensavis.dk
788657,skatepro.dk
789420,snydepels.dk
790348,sportfokus.dk
790388,sportsbay.dk
791044,stofdepotet.dk
791221,studielaan.dk
791557,sundhedsjobs.dk
792134,swingergaarden.dk
793572,teoriklar.dk
795972,travservice.dk
796760,tv-kalundborg.dk
797503,umove.dk
798327,vagcars.dk
798938,veteranposten.dk
798968,vf-auktion.dk
799335,vinmedmere.dk
799349,vinylpladen.dk
800573,webmatematik.dk
801390,worldofpotter.dk
802452,yarnmania.dk
803832,familienbilstrup.dk
803843,sampension.dk
804142,telemetric.dk
804912,musclehouse.dk
805667,skanderborg.dk
806363,strandconsult.dk
807387,siniat.dk
807413,faktalink.dk
807525,industrienspension.dk
807814,cibicom.dk
808256,perchs.dk
808295,bordum.dk
808395,seahealth.dk
810218,ugebrev.dk
810993,h-daugaard.dk
811046,escort-siden.dk
811542,systemcenter.dk
811817,i-strategi.dk
812212,ren-velvaereshop.dk
812996,realequity.dk
813111,lvb.dk
813231,mbfood.dk
813373,findroomie.dk
813526,incover.dk
813836,dma.dk
814130,mini.dk
814519,novonordisk.dk
814824,kramogkanel.dk
814938,aok.dk
815111,secretswingers.dk
816232,brunata.dk
816550,vvs-shoppen.dk
816883,jetcom.dk
817034,radio.dk
817175,sonderborg.dk
817803,bms.dk
817888,novoholdings.dk
818556,amix.dk
819929,nordfrim.dk
819976,ois.dk
820963,fstyr.dk
821016,timeplan.dk
821441,ballerup.dk
821557,aminodangroup.dk
821949,aabc.dk
822082,cowi.dk
822626,polarportal.dk
823184,pcsys.dk
824144,sf.dk
824187,nordicnest.dk
824497,tietgen.dk
824558,live.dk
824855,dknet.dk
824984,ikeahomeview.dk
825351,ikastetiket.dk
825361,e-komplet.dk
825476,paypal.dk
825938,venstre.dk
826652,sechersecurity.dk
827326,cifs.dk
828505,clausdalby.dk
828984,energy-supply.dk
829084,bakerpos.dk
829244,hjv.dk
829344,grouponline.dk
829548,ingenco2.dk
829900,filmz.dk
830357,danskelove.dk
830557,optipeople.dk
831250,ejendroem.dk
831367,alco.dk
832638,australian-bodycare.dk
832796,psykiatri-regionh.dk
832915,k-net.dk
833321,flagshoppen.dk
833334,cloud-hosts.dk
834147,fdf.dk
834418,luxoliving.dk
834948,bibnet.dk
835682,sonnit.dk
836163,looad.dk
836463,xlovecam.dk
836538,klarpris.dk
836866,bn.dk
837168,telio.dk
837936,sparvinduer.dk
837994,innovationsfonden.dk
838032,masterservice.dk
838117,well.dk
838192,circlek.dk
838221,aabsport.dk
838615,droso.dk
838623,logo4you.dk
840051,fmk.dk
840102,radioskive.dk
840122,it-kons.dk
840124,baptistkirken.dk
840914,surftown.dk
840985,privateplay.dk
841287,boligdeal.dk
841534,nord-ad.dk
841552,inihost.dk
841699,itwatch.dk
841710,survey-it.dk
841906,internet.dk
842619,kfst.dk
843484,fisto.dk
843874,esbjergliv.dk
844043,myip.dk
844113,dekra.dk
844406,laerepladsen.dk
844510,stjernegaard-rejser.dk
845557,absaloncph.dk
845684,shl.dk
846783,kernel.dk
846882,expekt.dk
847698,technovision.dk
848091,thsport.dk
848401,hyundai.dk
848748,roverkob.dk
849780,idippedut.dk
849982,generals.dk
850237,bearware.dk
850315,jazz.dk
850898,fdbmobler.dk
851590,finansforbundet.dk
852029,tondering.dk
852242,statbank.dk
852356,craft3d.dk
852612,netavisengrindsted.dk
852622,parfume-klik.dk
853314,shake-it.dk
853655,nemhandel.dk
853868,nordiskgarn.dk
854552,gamecity.dk
854752,eloverblik.dk
854913,vildmedvin.dk
855144,sdmjk.dk
855352,aof.dk
855399,billund.dk
855691,sl.dk
855816,jyskvin.dk
855996,nintendo.dk
856376,coffeecollective.dk
857134,loberen.dk
857878,borgerforslag.dk
857991,ntrejse.dk
858690,jef.dk
859248,odensehaandbold.dk
859384,forbrugerombudsmanden.dk
860334,agf.dk
860780,odin.dk
861437,adhd.dk
862030,ipsolutions.dk
862080,fiskerforum.dk
862118,trendyliving.dk
862308,renew-platforms.dk
862334,eaaa.dk
862536,iex.dk
863172,htk.dk
863407,webpartner.dk
863606,nsck-cykelmotion.dk
864358,brondby.dk
865832,salecto.dk
866302,juvederm.dk
867042,danishcrown.dk
867139,twentyfour.dk
867558,migger.dk
867828,dform.dk
868370,xn--nskeskyen-k8a.dk
868962,folkebladetlemvig.dk
869279,byoghavn.dk
869884,db.dk
870631,danske-podcasts.dk
870770,padowan.dk
871041,wilke.dk
871104,givskudzoo.dk
871487,cashpoint.dk
872332,boboonline.dk
872816,sm.dk
873200,bornibyen.dk
873635,kapacitet.dk
873725,herning.dk
874660,spamfri.dk
875784,mfvm.dk
876251,koda.dk
876339,obsidian.dk
876561,studentum.dk
876662,europosters.dk
876957,klm.dk
877709,bispebjerghospital.dk
877893,copenhill.dk
878182,onlime.dk
878265,elsalg.dk
879169,grydeguru.dk
879502,hvidovrehospital.dk
879902,odense-marcipan.dk
880099,decofarver.dk
881255,frederikssund.dk
882198,lemvig.dk
882824,mmm.dk
882852,billetsalg.dk
882918,autohuset-vestergaard.dk
883752,lyoe-oelejr.dk
884263,cookiemanager.dk
885598,nyborg.dk
885813,helsingor.dk
885964,enslev-anlaegsservice.dk
886157,toha.dk
886278,skagenfood.dk
886682,chsc.dk
886751,miltek.dk
886912,fanman.dk
887472,dlbr.dk
888320,pluskort.dk
888705,pbxadmin.dk
889549,tojeksperten.dk
889573,ramdk.dk
889650,travet.dk
890159,casinohouse.dk
890358,ucsyd.dk
891095,billigventilation.dk
891107,bygtek.dk
891143,danskbilferie.dk
891253,kendte.dk
891270,mambeno.dk
891351,primusdanmark.dk
891397,slik-bilen.dk
892358,plushost.dk
892982,ebillet.dk
893509,dnm.dk
893961,klang.dk
894655,secia.dk
895955,alsik.dk
896369,arto.dk
896420,aspiri.dk
897180,bilkamadudafhuset.dk
898636,coolpriser.dk
898954,damborg.dk
898978,dansk.dk
899345,direkteimport.dk
899565,dphtrading.dk
899662,duda.dk
900228,etlyklarborg.dk
900633,filmmarked.dk
900676,firstgrade.dk
900781,foetexudafhuset.dk
900958,friluftslageret.dk
901240,gastromad.dk
901242,gastrotools.dk
901493,globestudios.dk
902323,homospot.dk
903886,kitedanmark.dk
904339,landbrugslotteriet.dk
904718,lirumlarumleg.dk
905973,mmaction.dk
906130,morfars.dk
906428,myfittingroom.dk
909219,rodes.dk
909928,sexshop.dk
910161,sifjakobs.dk
910381,smageriet.dk
910396,smartphoto.dk
910764,stamps.dk
912004,toyspace.dk
912857,vindercasino.dk
912944,vitser-jokes.dk
913576,xn--minkbmand-o8a.dk
913766,yoursurprise.dk
914109,hostedsepo.dk
914176,dsgapps.dk
915078,uniavisen.dk
915432,dkseb.dk
915437,fitnessx.dk
915464,radio-danmark.dk
915980,hvidovre.dk
916119,sneakerboersen.dk
916270,drynites.dk
916274,bewise.dk
916333,elvvs.dk
916763,radioabc.dk
917213,sundpaabudget.dk
917600,dmu.dk
917707,inmobile.dk
917907,compuapp.dk
918232,skagennet.dk
918600,iba.dk
918630,trustpilot.dk
918825,bjoernkarmann.dk
918872,hvidbjerg.dk
919209,dk-camp.dk
919559,itm8.dk
919614,findbank.dk
920203,arcanic.dk
920255,synsdata.dk
921213,admiralhotel.dk
921446,kinogo.dk
922328,itconfidence.dk
922710,lagkagehuset.dk
922749,kobenhavnliv.dk
922793,brdr-friis.dk
922802,damonline.dk
922810,ereolengo.dk
922870,trendcarpet.dk
923120,fagbladsguiden.dk
923621,xraysoft.dk
923791,cyclesportsilkeborg.dk
924577,brk.dk
925612,apuls.dk
926327,cvr.dk
927983,danskenergi.dk
928118,onlinefundraising.dk
928175,peopletrust.dk
928658,aarhuscharter.dk
929301,scannetserver.dk
929458,outlook.dk
929526,lof.dk
929614,glenten.dk
929827,im.dk
930198,peugeot.dk
930254,webbyen.dk
930627,dof.dk
930635,one-connect.dk
931529,fif-orientering.dk
931701,carlsbergfondet.dk
931760,version3.dk
931851,heljan.dk
932308,metal-supply.dk
932328,danskmetal.dk
932377,wiwihosting.dk
932448,colormatch.dk
932608,intelligo.dk
932780,kunsten.dk
932818,vitusguld.dk
933246,lytzenit.dk
933728,mcg.dk
934926,ubuy.dk
935223,ucviden.dk
935366,newangle.dk
935542,klarna.dk
936385,tec.dk
937291,cortexconsult.dk
937337,ludomanistudier.dk
938047,cookiepilot.dk
938778,dencrypt.dk
939165,mentor-it.dk
939979,dagrofa.dk
939981,dansk-avistryk.dk
940121,jcd.dk
941597,itrelation.dk
941704,smarttid.dk
941900,legoglektie.dk
942258,mhfit.dk
943315,highjump.dk
943528,ciid.dk
943673,koege.dk
943956,hosting2.dk
944339,gst.dk
944592,hostbase.dk
945320,militaerbutikken.dk
946219,akutbolig.dk
946405,gaffashop.dk
946702,combine.dk
946811,kircacs.dk
947360,onlinehost.dk
947537,flatrate.dk
948137,odensezoo.dk
948436,netraket.dk
948654,pubhub.dk
948735,jesperhus.dk
949180,seek4cars.dk
949528,toogoodtogo.dk
950995,coolstuff.dk
951231,ibc.dk
951357,dandodesign.dk
951486,efb.dk
951544,jfm.dk
952242,lgbt.dk
954190,budget123.dk
954251,cliche.dk
954602,realhellmanns.dk
955626,e-smiley.dk
955997,furesoe.dk
956223,msccruises.dk
956663,kvikbolig.dk
956673,migogodense.dk
957035,autobutler.dk
957304,theathletesfoot.dk
957586,jets.dk
958625,findroommate.dk
959187,globusdata.dk
959568,onlineekspert.dk
959676,kobalt.dk
959841,systemina.dk
961021,danskretursystem.dk
961222,canon.dk
962193,tdcwebmore.dk
962539,jks.dk
962792,3byggetilbud.dk
962859,di-teknik.dk
963002,okonomista.dk
963426,progressive.dk
963488,dinbror.dk
964229,thrysoee.dk
966948,ase.dk
967064,svendborg.dk
967549,fe-ddis.dk
967552,agerbaeks.dk
968432,sendentanke.dk
968691,colorline.dk
969097,megavin.dk
969102,moviehouse.dk
969112,osfrisorartikler.dk
969121,quickinfo.dk
969122,quint.dk
969135,skjernbank.dk
969597,mybestgames.dk
969862,stofogstil.dk
970550,hansreitzel.dk
970852,anna-mad.dk
970900,nardocar.dk
971282,hjemezez.dk
971301,securitas.dk
971655,carlsbergdanmark.dk
973232,leadvalidator.dk
973467,louiogbearnaisen.dk
973838,freebsd.dk
973843,we-grow.dk
974064,tlhtest.dk
974065,pixact.dk
974515,neutral.dk
974633,aabenraa.dk
975046,csis.dk
975083,sexogsamfund.dk
975100,sundhedsstyrelsen.dk
975345,maxtel.dk
976809,bwin.dk
976810,scanpix.dk
976830,123kort.dk
976940,inspari.dk
976949,skiferie.dk
977133,fuglehandel.dk
977555,citatplakat.dk
977773,astma-allergi.dk
979013,stepstone.dk
979060,dkdm.dk
979121,johnm.dk
979323,toender.dk
980990,lan247.dk
981556,nordjyskemuseer.dk
981981,clouddc.dk
982898,bycyklen.dk
983267,perfect-body.dk
983897,skoledu.dk
984014,peterp.dk
984400,foreningsmail.dk
984860,davidmus.dk
985089,pol.dk
985574,online-it-support.dk
985696,snm.dk
986245,cphbusiness.dk
987183,dortemandrup.dk
987832,logbuy.dk
987912,admind.dk
988443,amnesty.dk
988529,cmcdn.dk
988712,herlevhospital.dk
988979,noq.dk
989074,no-jensen.dk
989847,boligejer.dk
990901,copenhell.dk
991081,mkrdns.dk
993814,anden.dk
997277,ckc.dk
998245,det-gamle-apotek.dk
